PRO_0003,Blankets
PRO_0032,Fleece Pullover
PRO_0065,Windbreaker Jacket
PRO_0004,Bronto Apron
PRO_0012,Bronto Engineering Shirt
PRO_0061,Toddler's Bronto Shirt
PRO_0045,Men's Bronto Shirt
PRO_0041,Kid's Bronto Shirt
PRO_0026,Camelbak Bronto Water Bottle
PRO_0055,Silicone Bronto Coffee Sleeve
PRO_0018,Bronto Engineering Shirt
PRO_0015,Bronto Engineering Shirt
PRO_0022,Bronto Laptop Bag
PAR_0006,Toddler's Bronto Shirt
PRO_0047,Men's Bronto Shirt
PAR_0008,Women's Bronto Shirt
PRO_0063,Windbreaker Jacket
PRO_0058,Toddler's Bronto Shirt
PRO_0009,Bronto Engineering Shirt
PRO_0006,Bronto Duffle Bag
PRO_0062,Travel Mug
PRO_0051,Men's Bronto Shirt
PRO_0039,ID Badge Reel
PRO_0010,Bronto Engineering Shirt
PRO_0034,Fleece Pullover
PRO_0049,Men's Bronto Shirt
PRO_0043,Men's Bronto Shirt
PRO_0069,Women's Bronto Shirt
PRO_0038,Bronto Pen
PRO_0054,OGIO Bronto Backpack
PRO_0068,Women's Bronto Shirt
PRO_0040,Kid's Bronto Shirt
PAR_0005,Men's Bronto Shirt
PRO_0013,Bronto Engineering Shirt
PRO_0053,Moleskine Notebook
PRO_0011,Bronto Engineering Shirt
PRO_0008,Bronto Engineering Shirt
PRO_0001,Baby Bronto Hat
PRO_0067,Windbreaker Jacket
PRO_0059,Toddler's Bronto Shirt
PRO_0075,Women's Bronto Shirt
PRO_0014,Bronto Engineering Shirt
PRO_0020,Bronto Engineering Shirt
PRO_0073,Women's Bronto Shirt
PRO_0019,Bronto Engineering Shirt
PRO_0050,Men's Bronto Shirt
PRO_0033,Fleece Pullover
PRO_0056,Spiral Notebook
PAR_0003,Fleece Pullover
PRO_0036,Frosted Bronto Pint Glass
PRO_0025,Bronto Onesie
PRO_0070,Women's Bronto Shirt
PAR_0004,Kid's Bronto Shirt
PRO_0028,Croakie
PRO_0007,Bronto Engineering Shirt
PRO_0016,Bronto Engineering Shirt
PRO_0035,Freaker
PRO_0044,Men's Bronto Shirt
PRO_0029,Eco Bronto Water Bottle
PRO_0046,Men's Bronto Shirt
PRO_0048,Men's Bronto Shirt
PRO_0074,Women's Bronto Shirt
PRO_0060,Toddler's Bronto Shirt
PRO_0021,Bronto Engineering Shirt
PRO_0064,Windbreaker Jacket
PRO_0017,Bronto Engineering Shirt
PRO_0052,Men's Bronto Shirt
PRO_0027,Ceramic Coffee Mug
PAR_0007,Windbreaker Jacket
PRO_0023,Bronto Onesie
PRO_0066,Windbreaker Jacket
PAR_0009,Women's Gray Bronto Shirt
PRO_0071,Women's Bronto Shirt
PRO_0042,Kid's Bronto Shirt
PRO_0072,Women's Bronto Shirt
PAR_0002,Bronto Onesie
PRO_0037,Green / Black Tote Bag
PAR_0001,Bronto Engineering Shirt
PRO_0024,Bronto Onesie
PRO_0031,Fleece Pullover
PRO_0005,Bronto Baseball Hat
PRO_0057,Stemless Wine Glass
PRO_0030,Fleece Pullover
PRO_0002,Beach Towel
